{
  "__type__": "cc.AnimationClip",
  "_name": "tab_turn_small",
  "_objFlags": 0,
  "_duration": 0.1,
  "sample": 60,
  "speed": 1,
  "wrapMode": 1,
  "curveData": {
    "props": {
      "width": [
        {
          "frame": 0,
          "value": 160
        },
        {
          "frame": 0.1,
          "value": 120
        }
      ]
    },
    "paths": {
      "icon": {
        "props": {
          "position": [
            {
              "frame": 0,
              "value": [
                0,
                20.3
              ]
            },
            {
              "frame": 0.1,
              "value": [
                0,
                0
              ]
            }
          ],
          "scaleX": [
            {
              "frame": 0,
              "value": 1
            },
            {
              "frame": 0.1,
              "value": 0.8
            }
          ],
          "scaleY": [
            {
              "frame": 0,
              "value": 1
            },
            {
              "frame": 0.1,
              "value": 0.8
            }
          ]
        }
      },
      "arrows": {
        "props": {
          "scaleX": [
            {
              "frame": 0,
              "value": 1,
              "curve": [
                0.37,
                -0.37,
                0.78,
                0.64
              ]
            },
            {
              "frame": 0.1,
              "value": 0
            }
          ],
          "scaleY": [
            {
              "frame": 0,
              "value": 1,
              "curve": [
                0.42,
                -0.44,
                0.84,
                0.67
              ]
            },
            {
              "frame": 0.1,
              "value": 0
            }
          ]
        }
      }
    }
  },
  "events": []
}