{
  "__type__": "cc.AnimationClip",
  "_name": "sub_pop",
  "_objFlags": 0,
  "_rawFiles": null,
  "_duration": 0.75,
  "sample": 60,
  "speed": 1,
  "wrapMode": 0,
  "curveData": {
    "props": {},
    "comps": {
      "cc.Widget": {
        "bottom": [
          {
            "frame": 0,
            "value": 44.5,
            "curve": [
              0.59,
              -0.61,
              0.76,
              1.31
            ]
          },
          {
            "frame": 0.25,
            "value": 139.5
          }
        ]
      }
    },
    "paths": {
      "btn_expand_slot/btn_fold": {
        "comps": {
          "cc.Button": {}
        },
        "props": {}
      },
      "btn_expand_slot/btn_expand": {
        "props": {},
        "comps": {
          "cc.Button": {}
        }
      }
    }
  },
  "events": [
    {
      "frame": 0.75,
      "func": "onFinishAnim",
      "params": [
        false
      ]
    }
  ]
}