{
  "__type__": "cc.AnimationClip",
  "_name": "menu_reset",
  "_objFlags": 0,
  "_rawFiles": null,
  "_duration": 0,
  "sample": 60,
  "speed": 1,
  "wrapMode": 0,
  "curveData": {
    "paths": {
      "mask": {
        "props": {
          "opacity": [
            {
              "frame": 0,
              "value": 255
            }
          ]
        }
      },
      "upper": {
        "comps": {
          "cc.Widget": {
            "top": [
              {
                "frame": 0,
                "value": -238
              }
            ]
          }
        }
      },
      "lower": {
        "comps": {
          "cc.Widget": {
            "bottom": [
              {
                "frame": 0,
                "value": -220
              }
            ]
          }
        }
      },
      "loading": {
        "props": {
          "opacity": [
            {
              "frame": 0,
              "value": 255
            }
          ]
        }
      },
      "background": {
        "props": {
          "opacity": [
            {
              "frame": 0,
              "value": 255
            }
          ]
        }
      }
    }
  },
  "events": []
}