{
  "__type__": "cc.AnimationClip",
  "_name": "tab_turnsmall",
  "_objFlags": 0,
  "_duration": 0.2,
  "sample": 30,
  "speed": 1,
  "wrapMode": 1,
  "curveData": {
    "props": {
      "height": [
        {
          "frame": 0,
          "value": 210
        },
        {
          "frame": 0.2,
          "value": 135
        }
      ]
    },
    "paths": {
      "icon": {
        "props": {
          "position": [
            {
              "frame": 0,
              "value": [
                0,
                14
              ]
            },
            {
              "frame": 0.2,
              "value": [
                0,
                0
              ]
            }
          ],
          "scaleX": [
            {
              "frame": 0,
              "value": 1
            },
            {
              "frame": 0.2,
              "value": 0.8
            }
          ],
          "scaleY": [
            {
              "frame": 0,
              "value": 1
            },
            {
              "frame": 0.2,
              "value": 0.8
            }
          ]
        }
      },
      "label": {
        "props": {
          "opacity": [
            {
              "frame": 0,
              "value": 255
            },
            {
              "frame": 0.1,
              "value": 0
            }
          ]
        }
      },
      "arrows": {
        "props": {
          "scaleX": [
            {
              "frame": 0,
              "value": 1,
              "curve": [
                0.33,
                -0.31,
                0.74,
                0.55
              ]
            },
            {
              "frame": 0.2,
              "value": 0
            }
          ],
          "scaleY": [
            {
              "frame": 0,
              "value": 1,
              "curve": [
                0.36,
                -0.4,
                0.74,
                0.51
              ]
            },
            {
              "frame": 0.2,
              "value": 0
            }
          ]
        }
      }
    }
  },
  "events": []
}